2019,Yamaha,Viking 700,YXM700DH 4x4 FI,YA-305,Front Left & Right
2019,Yamaha,Viking 700,YXM700DH 4x4 FI,YA-355,Rear Left & Right
2007,Yamaha,Big Bear 400,YFM400FB 4x4 IRS,YA-125,Front Left
2007,Yamaha,Big Bear 400,YFM400FBE 4x4 Exploring Edition IRS,YA-125,Front Left
2007,Yamaha,Big Bear 400,YFM400FBH 4x4 Hunter Edition IRS,YA-125,Front Left
2008,Yamaha,Big Bear 400,YFM400FB 4x4 IRS,YA-125,Front Left
2008,Yamaha,Big Bear 400,YFM400FBH 4x4 Hunter Edition,YA-125,Front Left
2009,Yamaha,Big Bear 400,YFM400FB 4x4 IRS,YA-125,Front Left
2009,Yamaha,Big Bear 400,YFM400FBH 4x4 Hunter Edition,YA-125,Front Left
2010,Yamaha,Big Bear 400,YFM400FB 4x4 IRS,YA-125,Front Left
2010,Yamaha,Big Bear 400,YFM400FBH 4x4 Hunter Edition,YA-125,Front Left
2010,Yamaha,Big Bear 400,YFM400FBH 4x4 Hunter Edition IRS,YA-125,Front Left
2011,Yamaha,Big Bear 400,YFM400FB 4x4 IRS,YA-125,Front Left
2011,Yamaha,Big Bear 400,YFM400FBH 4x4 Hunter Edition,YA-125,Front Left
2012,Yamaha,Big Bear 400,YFM400FB 4x4 IRS,YA-125,Front Left
2012,Yamaha,Big Bear 400,YFM400FBH 4x4 Hunter Edition,YA-125,Front Left
2011,Yamaha,Grizzly 450,YFM450FG 4x4,YA-125,Front Left
2011,Yamaha,Grizzly 450,YFM450FGH 4x4 Hunter Edition,YA-125,Front Left
2007,Yamaha,Grizzly 350,YFM350FGI 4x4 IRS,YA-125,Front Right
2007,Yamaha,Grizzly 350,YFM350FGIH 4x4 Hunter Edition IRS,YA-125,Front Right
2008,Yamaha,Grizzly 350,YFM350FGI 4x4 IRS,YA-125,Front Right
2008,Yamaha,Grizzly 350,YFM350FGIH 4x4 Hunter Edition IRS,YA-125,Front Right
2009,Yamaha,Grizzly 350,YFM350FGI 4x4 IRS,YA-125,Front Right
2009,Yamaha,Grizzly 350,YFM350FGIH 4x4 Hunter Edition IRS,YA-125,Front Right
2010,Yamaha,Grizzly 350,YFM350FGI 4x4 IRS,YA-125,Front Right
2010,Yamaha,Grizzly 350,YFM350FGIH 4x4 Hunter Edition IRS,YA-125,Front Right
2011,Yamaha,Grizzly 350,YFM350FGI 4x4 IRS,YA-125,Front Right
2011,Yamaha,Grizzly 350,YFM350FGIH 4x4 Hunter Edition IRS,YA-125,Front Right
